date,users,sessions,marketing_cost,clicks,impressions,click_through_rate,avg_time_on_page,bouce_rate,units_sold,is_campaign_period,day_of_week,month_number
2022-01-01,3215,17209,173.8,79,4092.45,0.019,167,35,119,0,6,1
2022-01-02,4463,19282,132,60,5127.91,0.012,215,47,109,0,7,1
2022-01-03,4848,25607,191.4,87,5395.91,0.016,196,33,168,0,1,1
2022-01-04,3385,18564,74.8,34,3359.82,0.01,93,35,73,0,2,1
2022-01-05,3383,23108,79.2,36,2378.92,0.015,208,30,100,0,3,1
2022-01-06,5004,31010,114.4,52,3735.95,0.014,123,33,104,0,4,1
2022-01-07,4391,22085,275,125,7792.12,0.016,231,38,322,0,5,1
2022-01-08,2250,13282,77,35,1634,0.021,175,34,48,0,6,1
2022-01-09,2932,13373,184.8,84,3997.65,0.021,66,37,175,0,7,1
2022-01-10,5046,28104,332.2,151,6441.32,0.023,76,46,346,0,1,1
2022-01-11,2668,18537,171.6,78,2750.76,0.028,77,44,122,0,2,1
2022-01-12,5017,27870,327.8,149,10902.42,0.014,199,42,275,0,3,1
2022-01-13,3848,19655,127.6,58,2343.57,0.025,150,35,100,0,4,1
2022-01-14,5201,28620,158.4,72,4657.8,0.015,108,42,197,0,5,1
2022-01-15,2770,17620,116.6,53,2040.66,0.026,208,36,149,0,6,1
2022-01-16,3081,20449,132,60,3763.68,0.016,142,33,147,0,7,1
2022-01-17,4735,24890,112.2,51,1792.64,0.028,233,32,53,0,1,1
2022-01-18,4169,22780,217.8,99,5149.13,0.019,69,50,124,0,2,1
2022-01-19,3837,16316,147.4,67,2905.02,0.023,65,41,138,0,3,1
2022-01-20,3473,19278,224.4,102,4424.46,0.023,154,31,279,0,4,1
2022-01-21,3510,18286,107.8,49,3376.25,0.015,217,34,120,0,5,1
2022-01-22,3018,12277,132,60,2033.57,0.03,216,50,111,0,6,1
2022-01-23,5562,27514,336.6,153,10335.45,0.015,66,34,409,0,7,1
2022-01-24,3874,17152,94.6,43,2030.52,0.021,237,42,48,0,1,1
2022-01-25,4350,28379,250.8,114,5823.89,0.02,156,50,153,0,2,1
2022-01-26,3738,24949,134.2,61,4774.79,0.013,91,31,101,0,3,1
2022-01-27,4438,29796,253,115,4181.58,0.028,231,48,191,0,4,1
2022-01-28,4068,19056,237.6,108,6984.09,0.015,131,50,220,0,5,1
2022-01-29,4377,22664,158.4,72,3159.42,0.023,76,30,105,0,6,1
2022-01-30,3958,24229,184.8,84,7314.36,0.011,65,35,159,0,7,1
2022-01-31,5965,27051,246.4,112,10114.91,0.011,156,39,155,0,1,1
2022-02-01,6040,32173,292.6,133,11802.34,0.011,92,42,345,0,2,2
2022-02-02,6447,29975,286,130,10536.5,0.012,163,38,367,0,3,2
2022-02-03,5576,30976,264,120,6307.67,0.019,82,49,313,0,4,2
2022-02-04,3515,20262,189.2,86,4624.25,0.019,121,39,220,0,5,2
2022-02-05,4652,24860,118.8,54,3001.53,0.018,144,35,127,0,6,2
2022-02-06,4264,22164,279.4,127,4669.25,0.027,155,49,188,0,7,2
2022-02-07,5555,31083,138.6,63,2218.9,0.028,220,40,80,0,1,2
2022-02-08,4986,21459,193.6,88,5433.78,0.016,178,44,203,0,2,2
2022-02-09,5856,24627,182.6,83,6627.68,0.013,195,37,241,0,3,2
2022-02-10,5497,26022,206.8,94,4703.92,0.02,234,42,219,0,4,2
2022-02-11,6722,39618,169.4,77,2727.23,0.028,125,50,225,0,5,2
2022-02-12,4988,20658,217.8,99,9423.34,0.011,136,39,130,0,6,2
2022-02-13,5186,22025,195.8,89,4965.49,0.018,224,33,167,0,7,2
2022-02-14,6900,46052,415.8,189,17117.33,0.011,193,31,344,0,1,2
2022-02-15,6248,35123,259.6,118,10325.12,0.011,216,49,133,0,2,2
2022-02-16,4711,31408,127.6,58,5372.06,0.011,84,48,130,0,3,2
2022-02-17,4341,20025,231,105,4742.12,0.022,108,45,223,0,4,2
2022-02-18,3823,23069,90.2,41,1703.97,0.024,221,30,87,0,5,2
2022-02-19,6105,27186,233.2,106,7903.66,0.013,90,31,199,0,6,2
2022-02-20,5368,27225,167.2,76,4217.33,0.018,109,50,163,0,7,2
2022-02-21,5157,22534,151.8,69,3206.75,0.022,133,47,150,0,1,2
2022-02-22,6235,41998,409.2,186,6409.6,0.029,214,36,337,0,2,2
2022-02-23,4268,26662,107.8,49,4849.63,0.01,199,36,135,0,3,2
2022-02-24,4304,19034,156.2,71,5022.47,0.014,216,46,147,0,4,2
2022-02-25,4833,31292,178.2,81,3341.84,0.024,230,48,87,0,5,2
2022-02-26,7328,33954,380.6,173,5841.27,0.03,188,39,491,0,6,2
2022-02-27,5244,30692,325.6,148,7945.27,0.019,102,31,330,0,7,2
2022-02-28,5022,32952,303.6,138,11941.91,0.012,140,48,155,0,1,2
2022-03-01,6274,40403,151.8,69,6846.02,0.01,118,40,94,0,2,3
2022-03-02,5440,28116,145.2,66,3429.81,0.019,153,34,98,0,3,3
2022-03-03,5185,32752,305.8,139,7763.31,0.018,208,44,143,0,4,3
2022-03-04,5329,26365,180.4,82,5534.33,0.015,148,46,113,0,5,3
2022-03-05,3859,18339,171.6,78,5396.83,0.014,138,36,145,0,6,3
2022-03-06,7465,50817,358.6,163,13589.85,0.012,188,43,263,0,7,3
2022-03-07,4321,22164,158.4,72,3462.54,0.021,188,30,76,0,1,3
2022-03-08,5138,24847,114.4,52,2132.25,0.024,140,44,121,0,2,3
2022-03-09,6167,33826,363,165,6066,0.027,140,49,302,0,3,3
2022-03-10,5924,32465,268.4,122,9064.65,0.013,168,36,314,0,4,3
2022-03-11,4734,29508,310.2,141,5734.87,0.025,215,35,251,0,5,3
2022-03-12,4680,27234,156.2,71,4441.21,0.016,109,48,139,0,6,3
2022-03-13,4595,31895,281.6,128,4337.94,0.03,176,30,171,0,7,3
2022-03-14,4880,25258,281.6,128,4306.58,0.03,94,38,374,0,1,3
2022-03-15,6279,37979,314.6,143,6357.3,0.022,96,36,369,0,2,3
2022-03-16,5998,34220,367.4,167,9345.63,0.018,128,45,209,0,3,3
2022-03-17,4312,28884,169.4,77,4824.13,0.016,63,47,96,0,4,3
2022-03-18,5084,23431,283.8,129,5746.47,0.022,116,45,184,0,5,3
2022-03-19,5322,26752,279.4,127,8367.07,0.015,103,39,139,0,6,3
2022-03-20,4649,23564,261.8,119,5119.48,0.023,211,38,254,0,7,3
2022-03-21,5233,31742,151.8,69,2998.39,0.023,131,37,196,0,1,3
2022-03-22,3549,19535,85.8,39,1701.35,0.023,165,31,58,0,2,3
2022-03-23,4314,25840,151.8,69,3743.55,0.018,100,33,91,0,3,3
2022-03-24,5690,25130,138.6,63,4111.78,0.015,194,50,98,0,4,3
2022-03-25,4561,30323,129.8,59,1971.34,0.03,135,47,176,0,5,3
2022-03-26,8494,46477,473,215,11581.42,0.019,152,32,371,0,6,3
2022-03-27,4925,34192,257.4,117,5630.99,0.021,74,48,206,0,7,3
2022-03-28,4951,34448,110,50,1758.26,0.028,181,41,92,0,1,3
2022-03-29,4517,25028,268.4,122,8794.47,0.014,127,44,260,0,2,3
2022-03-30,6800,46000,398.2,181,8337.75,0.022,143,35,365,0,3,3
2022-03-31,4651,23150,178.2,81,3508.27,0.023,238,31,84,0,4,3
2022-04-01,5526,34700,312.4,142,6996.94,0.02,92,43,167,0,5,4
2022-04-02,7212,47437,292.6,133,4964.17,0.027,194,33,234,0,6,4
2022-04-03,6287,40027,242,110,4922.92,0.022,112,39,176,0,7,4
2022-04-04,6573,36171,154,70,6245.44,0.011,219,44,132,0,1,4
2022-04-05,5168,30781,266.2,121,4389.8,0.028,148,47,139,0,2,4
2022-04-06,4841,19541,198,90,4838.46,0.019,207,43,187,0,3,4
2022-04-07,4537,26313,242,110,7854.15,0.014,197,48,207,0,4,4
2022-04-08,5022,21018,136.4,62,5100.63,0.012,180,40,161,0,5,4
2022-04-09,6800,34708,404.8,184,9241.41,0.02,159,50,548,0,6,4
2022-04-10,4656,24748,129.8,59,3198.33,0.018,65,47,90,0,7,4
2022-04-11,7045,41813,290.4,132,5244.94,0.025,81,49,278,0,1,4
2022-04-12,4609,30987,235.4,107,4345.29,0.025,191,39,179,0,2,4
2022-04-13,5320,23087,209,95,5942.99,0.016,219,40,139,0,3,4
2022-04-14,6052,31784,248.6,113,4730.89,0.024,193,41,331,0,4,4
2022-04-15,5325,30375,338.8,154,5646.77,0.027,151,33,425,0,5,4
2022-04-16,7586,37845,385,175,11416.74,0.015,131,46,186,0,6,4
2022-04-17,3360,17621,156.2,71,3738.62,0.019,204,45,92,0,7,4
2022-04-18,5196,21087,222.2,101,6169.63,0.016,65,41,260,0,1,4
2022-04-19,7399,45678,371.8,169,6789.51,0.025,90,45,437,0,2,4
2022-04-20,5396,37508,220,100,7072.43,0.014,152,38,253,0,3,4
2022-04-21,5607,31260,354.2,161,5524.77,0.029,211,48,440,0,4,4
2022-04-22,7620,32033,226.6,103,4970.04,0.021,199,37,171,0,5,4
2022-04-23,5780,27615,140.8,64,2716.87,0.024,227,46,146,0,6,4
2022-04-24,7013,37802,369.6,168,7292.57,0.023,180,43,461,0,7,4
2022-04-25,7076,41084,440,200,12764.51,0.016,132,31,422,0,1,4
2022-04-26,5549,27896,321.2,146,9067.12,0.016,175,30,224,0,2,4
2022-04-27,5347,30621,349.8,159,9669.9,0.016,166,41,464,0,3,4
2022-04-28,7353,47938,418,190,11478.93,0.017,233,50,289,0,4,4
2022-04-29,5521,24323,154,70,3184.25,0.022,75,35,82,0,5,4
2022-04-30,6999,31134,310.2,141,5328,0.026,209,40,338,0,6,4
2022-05-01,8819,85123,792,360,29160.62,0.012,383,21,1609,1,7,5
2022-05-02,10022,93994,1133,515,35056.73,0.015,468,26,2453,1,1,5
2022-05-03,7814,56890,979,445,31369.97,0.014,283,28,1490,1,2,5
2022-05-04,8019,62338,1016.4,462,15570.86,0.03,331,27,2221,1,3,5
2022-05-05,8397,79269,1014.2,461,18975.88,0.024,421,11,1458,1,4,5
2022-05-06,4299,39369,435.6,198,14939.4,0.013,310,10,857,1,5,5
2022-05-07,7155,52334,816.2,371,14654.36,0.025,268,19,1484,1,6,5
2022-05-08,6642,28885,330,150,5753.82,0.026,95,45,333,0,7,5
2022-05-09,6445,38372,206.8,94,8814.39,0.011,140,47,129,0,1,5
2022-05-10,5184,28892,294.8,134,6376.62,0.021,182,36,175,0,2,5
2022-05-11,4319,24547,211.2,96,6158.78,0.016,185,43,210,0,3,5
2022-05-12,5668,26315,171.6,78,3941.8,0.02,88,44,126,0,4,5
2022-05-13,7085,41838,334.4,152,5278.87,0.029,81,48,250,0,5,5
2022-05-14,5894,34616,154,70,3806.13,0.018,143,38,180,0,6,5
2022-05-15,6170,41769,396,180,8083.3,0.022,124,39,367,0,7,5
2022-05-16,6023,31875,363,165,5699.56,0.029,209,35,243,0,1,5
2022-05-17,5098,33626,149.6,68,2733.56,0.025,182,38,95,0,2,5
2022-05-18,4158,17469,213.4,97,5370.83,0.018,207,32,213,0,3,5
2022-05-19,4730,28195,246.4,112,9326.29,0.012,89,37,298,0,4,5
2022-05-20,5195,24123,132,60,4098.92,0.015,125,32,136,0,5,5
2022-05-21,5319,34405,154,70,3004.28,0.023,135,45,202,0,6,5
2022-05-22,6708,38445,391.6,178,12388.37,0.014,111,48,324,0,7,5
2022-05-23,7490,33258,277.2,126,9640.95,0.013,104,47,297,0,1,5
2022-05-24,6918,37878,448.8,204,8999.44,0.023,207,39,375,0,2,5
2022-05-25,6023,27528,334.4,152,11149.98,0.014,139,40,295,0,3,5
2022-05-26,4832,30168,158.4,72,4655.41,0.015,203,47,186,0,4,5
2022-05-27,7417,46216,398.2,181,11861.35,0.015,202,37,292,0,5,5
2022-05-28,6217,29587,288.2,131,4834.9,0.027,165,46,150,0,6,5
2022-05-29,6162,36667,246.4,112,4654.29,0.024,120,44,167,0,7,5
2022-05-30,5526,31870,360.8,164,8301.85,0.02,208,31,204,0,1,5
2022-05-31,6437,33945,356.4,162,7581.55,0.021,188,38,418,0,2,5
2022-06-01,5089,33946,173.8,79,2644.66,0.03,137,45,181,0,3,6
2022-06-02,4127,24074,215.6,98,5963.14,0.016,71,44,257,0,4,6
2022-06-03,5230,22621,228.8,104,3919.04,0.027,151,39,282,0,5,6
2022-06-04,5945,24538,242,110,7138.46,0.015,132,45,130,0,6,6
2022-06-05,5744,31220,349.8,159,5847.92,0.027,104,37,430,0,7,6
2022-06-06,6426,32403,382.8,174,8776.08,0.02,132,41,437,0,1,6
2022-06-07,5190,30808,143,65,3300.83,0.02,114,39,125,0,2,6
2022-06-08,5485,22645,182.6,83,4095.76,0.02,173,46,151,0,3,6
2022-06-09,6638,33721,389.4,177,8958.8,0.02,83,44,223,0,4,6
2022-06-10,6293,41815,411.4,187,10840.34,0.017,121,50,365,0,5,6
2022-06-11,6105,28524,143,65,5100.9,0.013,159,38,89,0,6,6
2022-06-12,6152,32698,213.4,97,9622.63,0.01,84,50,277,0,7,6
2022-06-13,6822,39466,413.6,188,8679.21,0.022,179,33,188,0,1,6
2022-06-14,4790,19701,303.6,138,10553.97,0.013,107,32,158,0,2,6
2022-06-15,6516,31533,299.2,136,9807.67,0.014,73,31,263,0,3,6
2022-06-16,8161,43785,202.4,92,4322.25,0.021,115,43,107,0,4,6
2022-06-17,6743,28211,275,125,12005.98,0.01,145,44,250,0,5,6
2022-06-18,5879,32148,147.4,67,3796.33,0.018,221,47,173,0,6,6
2022-06-19,5080,31531,202.4,92,4557.16,0.02,239,49,111,0,7,6
2022-06-20,3893,23179,198,90,8872.39,0.01,203,45,215,0,1,6
2022-06-21,5679,26920,371.8,169,8703.72,0.019,210,31,386,0,2,6
2022-06-22,5978,29366,294.8,134,4479.4,0.03,159,34,198,0,3,6
2022-06-23,5963,33672,341,155,7003.83,0.022,107,50,375,0,4,6
2022-06-24,6139,34171,195.8,89,6146.8,0.014,212,44,137,0,5,6
2022-06-25,5597,23607,349.8,159,6809.91,0.023,213,46,410,0,6,6
2022-06-26,6370,33647,327.8,149,7885.88,0.019,112,42,434,0,7,6
2022-06-27,7524,42175,418,190,17838.81,0.011,122,50,411,0,1,6
2022-06-28,6402,36186,224.4,102,8140.75,0.013,210,36,158,0,2,6
2022-06-29,4879,25338,224.4,102,3816.07,0.027,93,46,195,0,3,6
2022-06-30,6753,43209,259.6,118,5755.36,0.021,113,37,249,0,4,6
2022-07-01,5296,28801,173.8,79,6148.43,0.013,234,39,109,0,5,7
2022-07-02,4780,25359,215.6,98,7618.86,0.013,96,46,283,0,6,7
2022-07-03,7329,34144,327.8,149,8990.96,0.017,124,50,368,0,7,7
2022-07-04,5569,27370,233.2,106,6068.15,0.017,233,34,152,0,1,7
2022-07-05,7007,34352,420.2,191,12940.66,0.015,155,35,481,0,2,7
2022-07-06,6311,39249,231,105,6625.38,0.016,222,43,311,0,3,7
2022-07-07,5443,37375,279.4,127,6048.58,0.021,199,36,278,0,4,7
2022-07-08,6637,37588,345.4,157,9228.58,0.017,213,46,197,0,5,7
2022-07-09,6370,31169,288.2,131,5447.23,0.024,240,33,354,0,6,7
2022-07-10,6825,38446,297,135,6958.99,0.019,109,50,190,0,7,7
2022-07-11,3770,22091,193.6,88,3200.3,0.027,131,47,194,0,1,7
2022-07-12,4906,28212,193.6,88,3752.02,0.023,60,31,210,0,2,7
2022-07-13,5799,28694,136.4,62,3117.64,0.02,226,31,173,0,3,7
2022-07-14,7381,46057,352,160,8192.44,0.02,98,33,165,0,4,7
2022-07-15,5472,24261,140.8,64,3786.21,0.017,133,38,,0,5,7
2022-07-16,5003,33513,123.2,56,2658.54,0.021,192,34,,0,6,7
2022-07-17,5955,24075,343.2,156,12524.58,0.012,127,32,,0,7,7
2022-07-18,5460,31091,281.6,128,6490.2,0.02,102,48,,0,1,7
2022-07-19,6749,38635,433.4,197,8934.5,0.022,182,33,,0,2,7
2022-07-20,5986,41404,138.6,63,3875.73,0.016,142,38,,0,3,7
2022-07-21,6455,31052,336.6,153,14796.8,0.01,220,39,,0,4,7
2022-07-22,5869,30974,314.6,143,11735.19,0.012,114,37,,0,5,7
2022-07-23,5887,30333,336.6,153,6429.66,0.024,213,37,,0,6,7
2022-07-24,4915,21976,312.4,142,8074.81,0.018,225,35,,0,7,7
2022-07-25,6806,30774,301.4,137,13069.4,0.01,65,32,,0,1,7
2022-07-26,5708,37973,301.4,137,4756.12,0.029,211,50,,0,2,7
2022-07-27,5743,34727,140.8,64,5675.07,0.011,209,47,,0,3,7
2022-07-28,4478,21565,134.2,61,3570,0.017,153,44,,0,4,7
2022-07-29,6896,47823,193.6,88,3923.77,0.022,126,38,,0,5,7
2022-07-30,6259,32812,294.8,134,6738.48,0.02,211,49,,0,6,7
2022-07-31,5442,32747,195.8,89,4913.83,0.018,72,44,,0,7,7
2022-08-01,4702,26086,149.6,68,3987.97,0.017,120,48,103,0,1,8
2022-08-02,4334,28316,169.4,77,4734.17,0.016,142,34,182,0,2,8
2022-08-03,5934,40496,319,145,5850.72,0.025,153,43,287,0,3,8
2022-08-04,5067,24926,231,105,4815.13,0.022,177,46,212,0,4,8
2022-08-05,5779,26464,365.2,166,7311.89,0.023,223,39,480,0,5,8
2022-08-06,5988,27781,187,85,3868.12,0.022,119,32,176,0,6,8
2022-08-07,7392,45995,404.8,184,18267.51,0.01,158,37,495,0,7,8
2022-08-08,6314,39126,409.2,186,9447.29,0.02,64,30,432,0,1,8
2022-08-09,5066,31620,132,60,4595.19,0.013,201,40,138,0,2,8
2022-08-10,5747,25615,281.6,128,4775.07,0.027,110,36,210,0,3,8
2022-08-11,8083,54303,275,125,4444.35,0.028,142,34,218,0,4,8
2022-08-12,6800,43041,239.8,109,9515.41,0.011,213,44,173,0,5,8
2022-08-13,7888,53977,435.6,198,6643.53,0.03,121,36,258,0,6,8
2022-08-14,6103,26086,319,145,8593.91,0.017,105,30,242,0,7,8
2022-08-15,7268,49530,246.4,112,9495.11,0.012,152,39,191,0,1,8
2022-08-16,5096,26844,213.4,97,3763.84,0.026,173,41,111,0,2,8
2022-08-17,5986,36033,275,125,4599.08,0.027,132,38,127,0,3,8
2022-08-18,8183,55814,499.4,227,7741.89,0.029,234,44,362,0,4,8
2022-08-19,8268,36026,431.2,196,6675.06,0.029,235,50,531,0,5,8
2022-08-20,5978,40910,323.4,147,5578.37,0.026,198,44,158,0,6,8
2022-08-21,4217,24900,116.6,53,2155.78,0.025,187,37,117,0,7,8
2022-08-22,6070,37088,264,120,5397.02,0.022,231,36,322,0,1,8
2022-08-23,7747,36836,453.2,206,11455.24,0.018,115,31,483,0,2,8
2022-08-24,6191,27885,327.8,149,6908.21,0.022,213,39,443,0,3,8
2022-08-25,6666,37602,371.8,169,9350.36,0.018,136,43,175,0,4,8
2022-08-26,8292,42035,512.6,233,21471.59,0.011,85,47,248,0,5,8
2022-08-27,6691,27414,283.8,129,9501.31,0.014,213,41,306,0,6,8
2022-08-28,4924,19728,301.4,137,6564.25,0.021,111,48,179,0,7,8
2022-08-29,7435,45736,204.6,93,5510.02,0.017,157,36,241,0,1,8
2022-08-30,7220,48985,327.8,149,7184.35,0.021,112,48,260,0,2,8
2022-08-31,5958,38041,147.4,67,3276.66,0.02,197,45,110,0,3,8
2022-09-01,6733,35278,330,150,13447.79,0.011,62,47,347,0,4,9
2022-09-02,4344,27217,112.2,51,3041.21,0.017,226,39,125,0,5,9
2022-09-03,8806,46955,486.2,221,19676.55,0.011,107,40,610,0,6,9
2022-09-04,7135,41542,301.4,137,9226.06,0.015,153,32,404,0,7,9
2022-09-05,6321,36998,283.8,129,4827.55,0.027,97,42,182,0,1,9
2022-09-06,7962,34626,429,195,8357.88,0.023,209,49,494,0,2,9
2022-09-07,5860,34501,165,75,2913.75,0.026,204,44,169,0,3,9
2022-09-08,6557,40991,349.8,159,11926.91,0.013,115,34,160,0,4,9
2022-09-09,6434,32523,253,115,6543.98,0.018,205,44,303,0,5,9
2022-09-10,4677,25769,180.4,82,5429.27,0.015,172,34,197,0,6,9
2022-09-11,6942,28805,409.2,186,6308.75,0.029,159,43,329,0,7,9
2022-09-12,6245,32506,292.6,133,7045.79,0.019,94,35,364,0,1,9
2022-09-13,6722,44740,259.6,118,5239.81,0.023,156,46,188,0,2,9
2022-09-14,7129,43782,418,190,6531.44,0.029,100,35,464,0,3,9
2022-09-15,4260,25547,233.2,106,5377.03,0.02,70,31,248,0,4,9
2022-09-16,5401,37170,305.8,139,5410.45,0.026,105,39,403,0,5,9
2022-09-17,4750,25224,173.8,79,3043.17,0.026,166,39,161,0,6,9
2022-09-18,6575,34074,154,70,3634.71,0.019,98,49,111,0,7,9
2022-09-19,6550,38279,354.2,161,8602.09,0.019,154,49,184,0,1,9
2022-09-20,8018,51673,286,130,7667.39,0.017,120,37,250,0,2,9
2022-09-21,4710,27338,176,80,3967.8,0.02,155,30,193,0,3,9
2022-09-22,5342,26117,189.2,86,3834.17,0.022,99,40,198,0,4,9
2022-09-23,6377,33442,242,110,4291.06,0.026,127,43,175,0,5,9
2022-09-24,5204,28767,321.2,146,5046.37,0.029,131,44,219,0,6,9
2022-09-25,6605,34916,281.6,128,4490.78,0.029,234,45,160,0,7,9
2022-09-26,6570,27399,411.4,187,7375.52,0.025,158,34,560,0,1,9
2022-09-27,6899,41314,369.6,168,5671.8,0.03,142,36,498,0,2,9
2022-09-28,6350,29541,349.8,159,8139.41,0.02,81,48,330,0,3,9
2022-09-29,4634,29919,202.4,92,3135.58,0.029,164,46,101,0,4,9
2022-09-30,7319,34195,301.4,137,6287.51,0.022,226,46,209,0,5,9
2022-10-01,6782,42358,376.2,171,12348.76,0.014,116,36,212,0,6,10
2022-10-02,6593,29104,312.4,142,4767.57,0.03,193,41,424,0,7,10
2022-10-03,7444,51600,303.6,138,9145.76,0.015,188,47,365,0,1,10
2022-10-04,6718,31737,398.2,181,9508.34,0.019,178,39,286,0,2,10
2022-10-05,5854,24478,178.2,81,2933.74,0.028,174,46,154,0,3,10
2022-10-06,4681,31802,149.6,68,3015.56,0.023,189,39,70,0,4,10
2022-10-07,4488,28410,211.2,96,3620.11,0.027,73,50,213,0,5,10
2022-10-08,4435,22588,233.2,106,5391.34,0.02,118,43,260,0,6,10
2022-10-09,5668,33722,261.8,119,9905.14,0.012,214,40,127,0,7,10
2022-10-10,5390,31281,136.4,62,2526.64,0.025,135,49,77,0,1,10
2022-10-11,6913,48366,213.4,97,5258.51,0.018,161,32,174,0,2,10
2022-10-12,4737,19457,217.8,99,3803.19,0.026,181,45,231,0,3,10
2022-10-13,6569,33236,426.8,194,14139.89,0.014,105,40,569,0,4,10
2022-10-14,6376,31068,180.4,82,3316.32,0.025,164,49,145,0,5,10
2022-10-15,7158,41531,200.2,91,4619.05,0.02,234,33,187,0,6,10
2022-10-16,3702,15585,198,90,7034.33,0.013,130,47,241,0,7,10
2022-10-17,7325,49410,330,150,13994.43,0.011,125,45,419,0,1,10
2022-10-18,6937,33955,167.2,76,4991.68,0.015,227,45,147,0,2,10
2022-10-19,7308,36914,457.6,208,7530.59,0.028,134,45,286,0,3,10
2022-10-20,7337,31867,231,105,4100.14,0.026,218,37,213,0,4,10
2022-10-21,6462,40494,250.8,114,4688.08,0.024,110,40,337,0,5,10
2022-10-22,6591,31346,360.8,164,8599.94,0.019,69,39,296,0,6,10
2022-10-23,5664,29265,127.6,58,2290.33,0.025,177,48,64,0,7,10
2022-10-24,6837,32248,367.4,167,12692.83,0.013,107,41,403,0,1,10
2022-10-25,3979,23469,90.2,41,1838.01,0.022,185,40,88,0,2,10
2022-10-26,8532,54344,233.2,106,7874.03,0.013,111,41,177,0,3,10
2022-10-27,5937,33604,321.2,146,5102.91,0.029,231,35,271,0,4,10
2022-10-28,3387,15410,83.6,38,1589.18,0.024,149,39,45,0,5,10
2022-10-29,5880,34176,277.2,126,4241.4,0.03,180,49,135,0,6,10
2022-10-30,6589,31755,286,130,4861.72,0.027,63,33,337,0,7,10
2022-10-31,5700,32585,292.6,133,7153.66,0.019,115,44,160,0,1,10
2022-11-01,7041,43891,180.4,82,4289.45,0.019,123,38,99,0,2,11
2022-11-02,7510,38549,171.6,78,5020.95,0.016,238,44,199,0,3,11
2022-11-03,7252,29861,222.2,101,4458.34,0.023,212,30,207,0,4,11
2022-11-04,6768,38644,239.8,109,6815.66,0.016,195,33,194,0,5,11
2022-11-05,5378,21903,206.8,94,3230.51,0.029,71,30,270,0,6,11
2022-11-06,6725,33796,228.8,104,6219.15,0.017,192,47,250,0,7,11
2022-11-07,6319,33687,314.6,143,5395.01,0.027,125,31,390,0,1,11
2022-11-08,4918,29613,127.6,58,2458.27,0.024,234,31,135,0,2,11
2022-11-09,5050,31784,211.2,96,8503.53,0.011,100,50,286,0,3,11
2022-11-10,7112,35243,286,130,9551.78,0.014,70,38,189,0,4,11
2022-11-11,7241,39417,180.4,82,5749.07,0.014,191,30,212,0,5,11
2022-11-12,6111,40774,336.6,153,6282.15,0.024,134,34,170,0,6,11
2022-11-13,5837,37523,167.2,76,4981.14,0.015,141,48,89,0,7,11
2022-11-14,6285,31822,226.6,103,4061.51,0.025,161,34,299,0,1,11
2022-11-15,7065,29926,457.6,208,11553.77,0.018,140,30,256,0,2,11
2022-11-16,7155,46839,442.2,201,13841.28,0.015,199,44,584,0,3,11
2022-11-17,5315,34031,305.8,139,6174.57,0.023,161,40,375,0,4,11
2022-11-18,5938,35661,288.2,131,4645.76,0.028,142,38,159,0,5,11
2022-11-19,7400,35394,358.6,163,8651.93,0.019,92,48,177,0,6,11
2022-11-20,7918,41942,446.6,203,15167.11,0.013,99,32,297,0,7,11
2022-11-21,10757,61809,358.6,163,6024.56,0.027,194,43,294,0,1,11
2022-11-22,9211,42791,327.8,149,10238.96,0.015,410,36,203,0,2,11
2022-11-23,19615,93342,1293.6,588,26764.96,0.022,234,47,1040,0,3,11
2022-11-24,14011,90866,908.6,413,16979.58,0.024,118,45,656,0,4,11
2022-11-25,12291,101471,1405.8,639,38994.89,0.016,327,20,1945,1,5,11
2022-11-26,10655,80475,1075.8,489,18126.95,0.027,344,15,2319,1,6,11
2022-11-27,9768,75604,1300.2,591,33718.25,0.018,292,22,2689,1,7,11
2022-11-28,11586,81130,1375,625,24587.67,0.025,304,16,2244,1,1,11
2022-11-29,13257,95854,1713.8,779,35333.79,0.022,404,15,3285,1,2,11
2022-11-30,9713,72865,1069.2,486,28339.26,0.017,250,16,2406,1,3,11
2022-12-01,7388,29586,413.6,188,7318.14,0.026,203,46,208,0,4,12
2022-12-02,7156,31945,354.2,161,7280.04,0.022,72,35,196,0,5,12
2022-12-03,6746,47142,239.8,109,7864.08,0.014,224,43,321,0,6,12
2022-12-04,6220,36876,352,160,9240.41,0.017,73,33,428,0,7,12
2022-12-05,6477,38685,281.6,128,5173.66,0.025,76,46,271,0,1,12
2022-12-06,6351,31621,411.4,187,9687.25,0.019,217,34,207,0,2,12
2022-12-07,6350,30788,145.2,66,5228.96,0.013,173,50,160,0,3,12
2022-12-08,6088,40751,334.4,152,5207.55,0.029,156,37,194,0,4,12
2022-12-09,4994,22268,189.2,86,3204.81,0.027,190,41,144,0,5,12
2022-12-10,6048,39210,231,105,4087.87,0.026,67,35,219,0,6,12
2022-12-11,6911,27991,204.6,93,7574.25,0.012,137,33,124,0,7,12
2022-12-12,4918,27006,279.4,127,9300.5,0.014,165,37,170,0,1,12
2022-12-13,5496,28742,129.8,59,3330.32,0.018,106,36,135,0,2,12
2022-12-14,8836,59760,235.4,107,3643.18,0.029,146,50,184,0,3,12
2022-12-15,7342,38403,261.8,119,8184.01,0.015,110,39,182,0,4,12
2022-12-16,6254,42491,213.4,97,4122.45,0.024,123,40,261,0,5,12
2022-12-17,5858,23828,308,140,10070.52,0.014,93,37,339,0,6,12
2022-12-18,6826,42659,360.8,164,8033.62,0.02,148,49,346,0,7,12
2022-12-19,6347,38495,220,100,3791.06,0.026,206,44,151,0,1,12
2022-12-20,6840,50819,1007.6,458,21634.43,0.021,437,43,1434,1,2,12
2022-12-21,6119,52468,915.2,416,30485.01,0.014,474,38,1605,1,3,12
2022-12-22,5212,40619,631.4,287,12276.8,0.023,336,50,987,1,4,12
2022-12-23,6834,51353,772.2,351,25078.15,0.014,476,48,1200,1,5,12
2022-12-24,6947,52733,1058.2,481,20969.84,0.023,201,44,1822,1,6,12
2022-12-25,7889,65534,715,325,12280.21,0.026,312,37,977,1,7,12
2022-12-26,7809,68506,833.8,379,18102.52,0.021,249,38,1347,1,1,12
2022-12-27,4630,45279,453.2,206,8025.69,0.026,398,49,706,1,2,12
2022-12-28,7098,60288,1005.4,457,34396.88,0.013,366,45,1704,1,3,12
2022-12-29,6666,30642,332.2,151,7514.74,0.02,95,39,307,0,4,12
2022-12-30,5642,23747,319,145,7951.21,0.018,70,45,184,0,5,12
2022-12-31,6794,38142,446.6,203,19953.3,0.01,179,33,489,0,6,12
2023-01-01,4717,27340,281.6,128,10091.27,0.013,83,33,298,0,7,1
2023-01-02,4493,28842,204.6,93,3968.97,0.023,152,30,227,0,1,1
2023-01-03,4737,32566,248.6,113,6693.33,0.017,129,31,308,0,2,1
2023-01-04,6256,43554,156.2,71,2567.9,0.028,163,50,113,0,3,1
2023-01-05,5650,36557,134.2,61,2379.15,0.026,176,41,77,0,4,1
2023-01-06,4566,23512,297,135,4592.88,0.029,191,45,377,0,5,1
2023-01-07,5056,29894,136.4,62,3574.99,0.017,141,35,127,0,6,1
2023-01-08,5079,26139,187,85,5574.69,0.015,69,32,96,0,7,1
2023-01-09,5874,34852,198,90,5069.59,0.018,229,37,172,0,1,1
2023-01-10,5621,26560,250.8,114,9111.96,0.013,171,45,231,0,2,1
2023-01-11,5010,34992,211.2,96,3308.28,0.029,229,34,213,0,3,1
2023-01-12,4362,21132,204.6,93,8207.03,0.011,227,34,220,0,4,1
2023-01-13,6035,42106,140.8,64,4556.27,0.014,122,37,135,0,5,1
2023-01-14,6072,41916,277.2,126,9891.14,0.013,68,50,257,0,6,1
2023-01-15,4862,27437,301.4,137,7463.45,0.018,141,50,282,0,7,1
2023-01-16,4373,26182,99,45,2396.62,0.019,85,40,103,0,1,1
2023-01-17,7629,40961,202.4,92,6248.94,0.015,127,34,145,0,2,1
2023-01-18,4992,33347,222.2,101,5287.88,0.019,216,31,110,0,3,1
2023-01-19,5311,33851,156.2,71,2618.63,0.027,184,30,192,0,4,1
2023-01-20,7413,33216,356.4,162,7904.32,0.02,92,46,190,0,5,1
2023-01-21,5098,30082,116.6,53,1823.2,0.029,150,42,84,0,6,1
2023-01-22,5768,39013,134.2,61,4159.49,0.015,235,37,112,0,7,1
2023-01-23,5770,26421,290.4,132,5228.99,0.025,183,34,276,0,1,1
2023-01-24,4733,19847,255.2,116,4077.67,0.028,237,46,149,0,2,1
2023-01-25,5812,35917,301.4,137,10218.51,0.013,129,44,376,0,3,1
2023-01-26,5618,23047,167.2,76,4272.7,0.018,220,39,163,0,4,1
2023-01-27,5781,27181,321.2,146,5643.32,0.026,134,36,435,0,5,1
2023-01-28,4429,27043,228.8,104,9325.66,0.011,138,50,271,0,6,1
2023-01-29,4401,28866,156.2,71,2868.46,0.025,78,50,123,0,7,1
2023-01-30,4517,31379,116.6,53,3889.68,0.014,207,31,153,0,1,1
2023-01-31,5814,39210,363,165,7044.13,0.023,193,36,245,0,2,1
2023-02-01,6204,29615,385,175,7254.88,0.024,171,42,514,0,3,2
2023-02-02,4842,25690,281.6,128,4517.92,0.028,195,30,309,0,4,2
2023-02-03,5433,31144,233.2,106,7222.93,0.015,120,33,294,0,5,2
2023-02-04,5545,25037,213.4,97,4792.3,0.02,229,34,252,0,6,2
2023-02-05,4498,28660,244.2,111,4897.39,0.023,230,41,301,0,7,2
2023-02-06,6905,37243,349.8,159,6596.84,0.024,137,47,404,0,1,2
2023-02-07,6903,43140,424.6,193,9966.77,0.019,192,38,535,0,2,2
2023-02-08,,,231,105,6484.14,0.016,,,,0,3,2
2023-02-09,,,297,135,4668.81,0.029,,,,0,4,2
2023-02-10,,,151.8,69,3377.02,0.02,,,,0,5,2
2023-02-11,6860,47264,325.6,148,9285.64,0.016,164,47,416,0,6,2
2023-02-12,7165,37060,409.2,186,8281.1,0.022,213,33,540,0,7,2
2023-02-13,7493,45905,272.8,124,6069.22,0.02,203,40,248,0,1,2
2023-02-14,6483,38873,365.2,166,6369.42,0.026,121,35,421,0,2,2
2023-02-15,5820,34497,259.6,118,4303.83,0.027,231,38,200,0,3,2
2023-02-16,8464,41199,556.6,253,8939.74,0.028,219,31,550,0,4,2
2023-02-17,5673,27460,292.6,133,4641.4,0.029,153,43,287,0,5,2
2023-02-18,6654,46334,259.6,118,4660.34,0.025,89,40,118,0,6,2
2023-02-19,7035,37675,303.6,138,5978.85,0.023,148,48,316,0,7,2
2023-02-20,7590,38993,477.4,217,8877.92,0.024,107,31,290,0,1,2
2023-02-21,6696,43531,407,185,9724.37,0.019,147,35,210,0,2,2
2023-02-22,6315,29218,365.2,166,16564.26,0.01,197,32,497,0,3,2
2023-02-23,6482,39075,248.6,113,8793.35,0.013,131,49,237,0,4,2
2023-02-24,6662,37353,433.4,197,10829.75,0.018,66,30,300,0,5,2
2023-02-25,6782,37094,211.2,96,4213.03,0.023,159,37,286,0,6,2
2023-02-26,5561,23775,127.6,58,1980.54,0.029,160,48,90,0,7,2
2023-02-27,6234,40088,327.8,149,5589.38,0.027,100,41,406,0,1,2
2023-02-28,8124,55610,506,230,8128.94,0.028,119,35,631,0,2,2
2023-03-01,6092,39628,387.2,176,6257.51,0.028,211,49,207,0,3,3
2023-03-02,6872,29675,431.2,196,7623.54,0.026,163,41,283,0,4,3
2023-03-03,7601,33171,303.6,138,4901.15,0.028,238,46,209,0,5,3
2023-03-04,7548,47370,277.2,126,5077.51,0.025,155,38,371,0,6,3
2023-03-05,6344,31223,303.6,138,6823.7,0.02,120,41,172,0,7,3
2023-03-06,7608,41006,220,100,7462.33,0.013,173,46,161,0,1,3
2023-03-07,5200,34967,132,60,2958.92,0.02,95,48,71,0,2,3
2023-03-08,7041,30487,365.2,166,11066.18,0.015,98,30,251,0,3,3
2023-03-09,5419,27239,167.2,76,3866.13,0.02,181,36,201,0,4,3
2023-03-10,7568,40202,233.2,106,3628.94,0.029,172,35,208,0,5,3
2023-03-11,5607,37836,257.4,117,5153.16,0.023,60,39,345,0,6,3
2023-03-12,5784,31547,173.8,79,3162.17,0.025,121,31,215,0,7,3
2023-03-13,5676,27063,132,60,3911.21,0.015,208,40,107,0,1,3
2023-03-14,5987,25674,380.6,173,7554.65,0.023,166,44,228,0,2,3
2023-03-15,6214,37317,160.6,73,2542,0.029,224,33,118,0,3,3
2023-03-16,8472,53619,510.4,232,22542.01,0.01,170,50,631,0,4,3
2023-03-17,5885,37459,281.6,128,4517.37,0.028,78,31,380,0,5,3
2023-03-18,6006,31787,206.8,94,4611.9,0.02,168,50,148,0,6,3
2023-03-19,6532,32199,316.8,144,5366.56,0.027,138,39,233,0,7,3
2023-03-20,6381,43545,248.6,113,4198.25,0.027,84,38,144,0,1,3
2023-03-21,5891,27355,158.4,72,3035.12,0.024,118,39,77,0,2,3
2023-03-22,5736,23193,253,115,4068.53,0.028,223,42,334,0,3,3
2023-03-23,6348,43074,165,75,3524.47,0.021,174,34,218,0,4,3
2023-03-24,6756,31438,162.8,74,2547.16,0.029,151,50,182,0,5,3
2023-03-25,8588,58353,508.2,231,7939.36,0.029,155,46,368,0,6,3
2023-03-26,8985,55750,312.4,142,5132.53,0.028,172,48,204,0,7,3
2023-03-27,6738,31482,193.6,88,3577.16,0.025,117,31,253,0,1,3
2023-03-28,7220,47125,294.8,134,4511.32,0.03,109,37,171,0,2,3
2023-03-29,5281,28624,134.2,61,3001.76,0.02,154,32,162,0,3,3
2023-03-30,6734,44448,303.6,138,13079.92,0.011,106,35,335,0,4,3
2023-03-31,8115,52263,250.8,114,4467.88,0.026,114,34,133,0,5,3
2023-04-01,6016,58703,572,260,10028.99,0.026,264,27,910,1,6,4
2023-04-02,6064,60281,745.8,339,18962.38,0.018,454,12,1135,1,7,4
2023-04-03,3972,36330,380.6,173,7573.05,0.023,371,19,556,1,1,4
2023-04-04,6242,51899,862.4,392,24986.85,0.016,269,27,1617,1,2,4
2023-04-05,6529,57242,895.4,407,34508.83,0.012,301,10,1486,1,3,4
2023-04-06,4404,34003,468.6,213,10452.34,0.02,248,23,868,1,4,4
2023-04-07,6322,50764,561,255,16850.96,0.015,308,24,780,1,5,4
2023-04-08,6431,41460,363,165,16275.92,0.01,61,42,272,0,6,4
2023-04-09,5689,38694,202.4,92,4825.87,0.019,135,30,150,0,7,4
2023-04-10,7782,44492,215.6,98,3794.44,0.026,232,39,213,0,1,4
2023-04-11,6088,32357,299.2,136,5675.22,0.024,161,40,210,0,2,4
2023-04-12,7041,47627,182.6,83,4668.07,0.018,179,41,88,0,3,4
2023-04-13,6696,29063,374,170,9447.83,0.018,234,34,218,0,4,4
2023-04-14,7410,51170,171.6,78,4972.95,0.016,152,34,146,0,5,4
2023-04-15,6248,28755,151.8,69,4720.93,0.015,212,42,198,0,6,4
2023-04-16,6736,27369,294.8,134,12233.4,0.011,71,43,293,0,7,4
2023-04-17,6761,28663,235.4,107,5637.05,0.019,142,41,293,0,1,4
2023-04-18,6814,29600,363,165,7495.31,0.022,88,44,209,0,2,4
2023-04-19,6093,28947,371.8,169,5701.78,0.03,230,31,229,0,3,4
2023-04-20,7254,48144,292.6,133,5164.2,0.026,212,32,306,0,4,4
2023-04-21,6450,41880,257.4,117,6029.75,0.019,121,44,297,0,5,4
2023-04-22,5920,26260,336.6,153,6436.67,0.024,90,36,407,0,6,4
2023-04-23,5299,36081,275,125,4704.08,0.027,88,39,266,0,7,4
2023-04-24,8160,36945,301.4,137,7348.48,0.019,162,35,169,0,1,4
2023-04-25,6690,38471,396,180,9254.61,0.019,150,35,529,0,2,4
2023-04-26,4676,21955,116.6,53,2143.3,0.025,187,44,137,0,3,4
2023-04-27,5642,24471,345.4,157,12152.7,0.013,201,45,288,0,4,4
2023-04-28,6981,34661,349.8,159,5481.7,0.029,230,40,227,0,5,4
2023-04-29,6738,35644,314.6,143,5548.66,0.026,108,46,184,0,6,4
2023-04-30,6972,36390,352,160,12715.2,0.013,231,44,270,0,7,4
2023-05-01,10334,84341,1163.8,529,31417.74,0.017,217,22,2346,1,1,5
2023-05-02,7485,64295,734.8,334,27346.25,0.012,448,18,1126,1,2,5
2023-05-03,9187,64526,1045,475,38286.09,0.012,262,18,2296,1,3,5
2023-05-04,8878,71100,1115.4,507,19170.22,0.026,407,14,2359,1,4,5
2023-05-05,10214,74604,1553.2,706,25284.16,0.028,263,16,3522,1,5,5
2023-05-06,8097,62325,1201.2,546,41243.69,0.013,284,29,2105,1,6,5
2023-05-07,7423,62432,712.8,324,22050.07,0.015,299,22,1543,1,7,5
2023-05-08,7139,31128,222.2,101,3574.38,0.028,230,30,211,0,1,5
2023-05-09,6813,43525,365.2,166,6902.46,0.024,176,39,232,0,2,5
2023-05-10,5213,31083,226.6,103,3821.04,0.027,164,39,194,0,3,5
2023-05-11,6795,38849,268.4,122,8827.47,0.014,204,48,155,0,4,5
2023-05-12,5830,33201,345.4,157,6966.13,0.023,156,38,451,0,5,5
2023-05-13,7052,43790,451,205,7463.4,0.027,171,31,289,0,6,5
2023-05-14,7626,45249,272.8,124,6871.19,0.018,222,33,281,0,7,5
2023-05-15,7035,28283,299.2,136,5013.44,0.027,120,36,362,0,1,5
2023-05-16,7745,49725,391.6,178,9610.63,0.019,199,37,188,0,2,5
2023-05-17,5988,26282,215.6,98,3747.72,0.026,171,43,216,0,3,5
2023-05-18,8427,50609,455.4,207,19284.88,0.011,160,32,559,0,4,5
2023-05-19,6839,31596,222.2,101,8101.96,0.012,203,48,259,0,5,5
2023-05-20,5431,31414,187,85,4526.09,0.019,148,38,182,0,6,5
2023-05-21,6912,28575,160.6,73,4910.66,0.015,117,30,171,0,7,5
2023-05-22,6503,29775,226.6,103,3869.96,0.027,201,38,116,0,1,5
2023-05-23,6855,42301,228.8,104,4394.14,0.024,123,38,215,0,2,5
2023-05-24,8532,34993,374,170,5790.52,0.029,220,39,218,0,3,5
2023-05-25,6018,36279,369.6,168,11557.75,0.015,87,31,183,0,4,5
2023-05-26,5709,32695,167.2,76,2770.56,0.027,168,35,170,0,5,5
2023-05-27,5893,40141,151.8,69,3716.75,0.019,65,46,106,0,6,5
2023-05-28,5833,24776,352,160,8993.19,0.018,80,33,461,0,7,5
2023-05-29,5492,30509,250.8,114,6294.6,0.018,223,38,178,0,1,5
2023-05-30,7335,50555,426.8,194,6718.93,0.029,192,45,222,0,2,5
2023-05-31,5424,26373,198,90,4276.92,0.021,91,45,227,0,3,5
2023-06-01,6809,40631,206.8,94,5383.07,0.017,104,50,263,0,4,6
2023-06-02,6466,30145,189.2,86,3235.43,0.027,214,35,228,0,5,6
2023-06-03,6962,41192,451,205,18000.61,0.011,155,33,466,0,6,6
2023-06-04,5655,30346,140.8,64,4493.89,0.014,159,47,102,0,7,6
2023-06-05,4958,30822,281.6,128,4350.55,0.029,106,47,194,0,1,6
2023-06-06,5337,27500,193.6,88,4478.49,0.02,140,32,102,0,2,6
2023-06-07,5285,32267,224.4,102,4176.94,0.024,161,44,305,0,3,6
2023-06-08,7398,49603,402.6,183,13787.73,0.013,199,31,497,0,4,6
2023-06-09,7464,41833,387.2,176,6745.46,0.026,215,42,454,0,5,6
2023-06-10,6499,32225,167.2,76,6225.09,0.012,211,41,97,0,6,6
2023-06-11,6495,45435,341,155,7158.49,0.022,154,40,230,0,7,6
2023-06-12,6203,42758,288.2,131,10269.9,0.013,93,37,382,0,1,6
2023-06-13,6074,29582,387.2,176,11573.88,0.015,127,38,237,0,2,6
2023-06-14,6700,43613,239.8,109,5465.29,0.02,226,42,207,0,3,6
2023-06-15,7324,44500,398.2,181,10933.82,0.017,190,44,394,0,4,6
2023-06-16,6984,33865,259.6,118,4378.09,0.027,214,34,275,0,5,6
2023-06-17,7489,32599,376.2,171,10123.68,0.017,225,48,367,0,6,6
2023-06-18,6043,32694,233.2,106,6953.96,0.015,77,47,167,0,7,6
2023-06-19,7678,52903,323.4,147,4920.88,0.03,163,37,270,0,1,6
2023-06-20,6400,38076,264,120,6503.51,0.018,152,42,353,0,2,6
2023-06-21,6034,39099,184.8,84,3826.72,0.022,164,39,154,0,3,6
2023-06-22,7066,31379,321.2,146,8098.34,0.018,80,47,435,0,4,6
2023-06-23,5645,37616,244.2,111,8076.32,0.014,107,35,181,0,5,6
2023-06-24,6569,36694,308,140,5574.45,0.025,92,48,182,0,6,6
2023-06-25,7855,43140,477.4,217,14223.13,0.015,162,49,303,0,7,6
2023-06-26,6602,30418,275,125,8211.42,0.015,147,50,132,0,1,6
2023-06-27,8468,51062,195.8,89,4306.47,0.021,223,42,216,0,2,6
2023-06-28,6966,35729,402.6,183,7503.45,0.024,70,47,297,0,3,6
2023-06-29,6979,34189,165,75,3058.5,0.025,177,48,98,0,4,6
2023-06-30,6559,42248,319,145,8400.7,0.017,131,49,151,0,5,6
2023-07-01,7012,30082,248.6,113,5693.03,0.02,92,40,288,0,6,7
2023-07-02,4929,28616,114.4,52,2720.34,0.019,193,40,60,0,7,7
2023-07-03,7370,48094,202.4,92,7778.24,0.012,158,43,173,0,1,7
2023-07-04,7046,36355,235.4,107,5247.49,0.02,71,50,307,0,2,7
2023-07-05,5178,22086,237.6,108,3817.89,0.028,227,43,196,0,3,7
2023-07-06,5289,28385,154,70,2364.7,0.03,71,30,153,0,4,7
2023-07-07,5842,26204,132,60,2616.48,0.023,138,48,133,0,5,7
2023-07-08,5008,22374,233.2,106,3596.35,0.029,117,43,250,0,6,7
2023-07-09,4194,20422,99,45,2315.24,0.019,192,43,54,0,7,7
2023-07-10,4846,25286,191.4,87,6690.2,0.013,99,39,146,0,1,7
2023-07-11,5068,25065,189.2,86,3107.04,0.028,91,49,254,0,2,7
2023-07-12,6188,29964,308,140,5079.7,0.028,184,47,142,0,3,7
2023-07-13,7888,41816,332.2,151,8197.25,0.018,73,33,412,0,4,7
2023-07-14,6007,34498,222.2,101,4402.03,0.023,107,43,106,0,5,7
2023-07-15,6626,34727,178.2,81,3405.29,0.024,89,43,211,0,6,7
2023-07-16,6286,25454,248.6,113,7181.44,0.016,235,37,309,0,7,7
2023-07-17,8744,44317,543.4,247,8368.9,0.03,122,46,355,0,1,7
2023-07-18,5516,33155,248.6,113,3788.25,0.03,106,35,284,0,2,7
2023-07-19,6543,43249,191.4,87,5508.1,0.016,154,37,240,0,3,7
2023-07-20,5974,25966,132,60,2029.69,0.03,231,39,171,0,4,7
2023-07-21,7286,43402,173.8,79,2730.55,0.029,150,44,232,0,5,7
2023-07-22,6113,29619,294.8,134,5262.27,0.025,120,47,365,0,6,7
2023-07-23,7239,40958,413.6,188,8876.39,0.021,173,30,442,0,7,7
2023-07-24,6076,33110,363,165,6133.99,0.027,135,43,375,0,1,7
2023-07-25,5637,37166,365.2,166,11851.83,0.014,70,38,199,0,2,7
2023-07-26,6059,26376,316.8,144,10049.87,0.014,131,37,284,0,3,7
2023-07-27,5014,28242,112.2,51,3109.39,0.016,177,35,141,0,4,7
2023-07-28,8181,38641,457.6,208,13029.96,0.016,232,46,398,0,5,7
2023-07-29,7314,39028,308,140,4928.65,0.028,162,30,168,0,6,7
2023-07-30,6171,33752,336.6,153,5410.39,0.028,84,38,335,0,7,7
2023-07-31,7337,33392,365.2,166,9703.35,0.017,129,47,429,0,1,7
2023-08-01,7854,49934,228.8,104,8534.73,0.012,189,38,266,0,2,8
2023-08-02,5604,33300,297,135,6052.12,0.022,186,40,294,0,3,8
2023-08-03,5244,31113,279.4,127,11077.15,0.011,206,38,227,0,4,8
2023-08-04,6964,30719,200.2,91,3166.56,0.029,111,33,225,0,5,8
2023-08-05,6952,30484,336.6,153,8598.58,0.018,166,42,231,0,6,8
2023-08-06,6673,44882,226.6,103,6322.23,0.016,168,44,142,0,7,8
2023-08-07,7450,31340,466.4,212,7603.69,0.028,200,47,366,0,1,8
2023-08-08,5776,28178,259.6,118,4455.24,0.026,102,35,208,0,2,8
2023-08-09,6612,41987,385,175,6043.73,0.029,123,48,404,0,3,8
2023-08-10,7490,36294,215.6,98,5376.31,0.018,109,33,164,0,4,8
2023-08-11,5273,28582,334.4,152,6019.13,0.025,89,38,423,0,5,8
2023-08-12,8785,45493,530.2,241,8980.79,0.027,121,39,547,0,6,8
2023-08-13,5921,37096,246.4,112,9383.16,0.012,78,37,293,0,7,8
2023-08-14,7388,50235,479.6,218,16151.92,0.013,111,49,465,0,1,8
2023-08-15,7638,39790,422.4,192,7427.69,0.026,84,46,294,0,2,8
2023-08-16,6498,34540,156.2,71,4214.69,0.017,195,49,150,0,3,8
2023-08-17,8325,50698,484,220,18468.32,0.012,76,44,457,0,4,8
2023-08-18,5325,33615,319,145,13564.68,0.011,90,42,410,0,5,8
2023-08-19,5861,32501,301.4,137,5012.27,0.027,93,36,201,0,6,8
2023-08-20,7474,31591,169.4,77,6471.31,0.012,86,33,157,0,7,8
2023-08-21,4808,21627,125.4,57,2198.57,0.026,114,30,88,0,1,8
2023-08-22,4852,31272,275,125,7250.79,0.017,187,35,330,0,2,8
2023-08-23,6336,32821,385,175,7027.6,0.025,144,35,382,0,3,8
2023-08-24,6282,31993,255.2,116,6521.27,0.018,176,30,307,0,4,8
2023-08-25,6233,24973,288.2,131,5257.93,0.025,159,30,136,0,5,8
2023-08-26,4660,18704,173.8,79,3518.64,0.022,99,48,107,0,6,8
2023-08-27,6163,32013,244.2,111,3731.28,0.03,207,49,167,0,7,8
2023-08-28,6219,35300,162.8,74,3924.94,0.019,103,41,168,0,1,8
2023-08-29,4936,23267,195.8,89,3086.36,0.029,172,38,210,0,2,8
2023-08-30,6439,40584,374,170,8944.4,0.019,235,36,463,0,3,8
2023-08-31,6159,33111,367.4,167,9147.33,0.018,83,36,224,0,4,8
2023-09-01,5538,35230,132,60,2960.28,0.02,88,32,96,0,5,9
2023-09-02,6950,41209,321.2,146,6182.32,0.024,237,35,224,0,6,9
2023-09-03,6932,44549,189.2,86,4713.25,0.018,195,50,168,0,7,9
2023-09-04,3817,25607,233.2,106,4959.31,0.021,69,50,303,0,1,9
2023-09-05,5341,34374,250.8,114,5803.48,0.02,87,43,297,0,2,9
2023-09-06,7884,53737,442.2,201,10596.54,0.019,214,34,395,0,3,9
2023-09-07,5105,24641,220,100,3397.73,0.029,199,37,273,0,4,9
2023-09-08,6534,33764,264,120,8424.8,0.014,163,38,198,0,5,9
2023-09-09,7012,35722,352,160,14813.05,0.011,197,47,236,0,6,9
2023-09-10,7029,48515,380.6,173,7819.68,0.022,83,47,226,0,7,9
2023-09-11,5750,34232,217.8,99,5318.32,0.019,69,40,145,0,1,9
2023-09-12,5695,35741,374,170,13654.01,0.012,193,50,302,0,2,9
2023-09-13,5925,39940,338.8,154,14189.63,0.011,151,44,204,0,3,9
2023-09-14,5427,31667,193.6,88,3661.26,0.024,124,39,193,0,4,9
2023-09-15,6515,35488,294.8,134,7078.93,0.019,147,50,342,0,5,9
2023-09-16,3887,17300,94.6,43,1859.37,0.023,88,46,54,0,6,9
2023-09-17,6598,28274,336.6,153,14364.1,0.011,225,49,371,0,7,9
2023-09-18,6304,26305,363,165,7537.01,0.022,87,48,342,0,1,9
2023-09-19,5060,25101,283.8,129,11953.52,0.011,67,40,371,0,2,9
2023-09-20,7296,30118,429,195,11689.21,0.017,68,34,274,0,3,9
2023-09-21,5959,32132,158.4,72,3947.12,0.018,126,43,127,0,4,9
2023-09-22,5578,23583,305.8,139,9548.36,0.015,240,38,227,0,5,9
2023-09-23,5371,22315,209,95,3403.82,0.028,162,30,206,0,6,9
2023-09-24,5713,39726,323.4,147,8128.91,0.018,148,45,438,0,7,9
2023-09-25,5035,30044,145.2,66,4371.71,0.015,187,31,155,0,1,9
2023-09-26,6066,30760,389.4,177,6797.27,0.026,212,31,273,0,2,9
2023-09-27,6312,27997,195.8,89,6868.57,0.013,227,39,221,0,3,9
2023-09-28,5014,29592,257.4,117,4616.67,0.025,132,36,121,0,4,9
2023-09-29,6633,37213,312.4,142,9014.02,0.016,184,50,313,0,5,9
2023-09-30,4496,25681,140.8,64,3960.32,0.016,77,37,172,0,6,9
2023-10-01,8436,38756,310.2,141,5551.07,0.025,122,34,306,0,7,10
2023-10-02,4958,25916,195.8,89,3258.91,0.027,86,44,210,0,1,10
2023-10-03,6811,36038,237.6,108,8411.95,0.013,139,32,253,0,2,10
2023-10-04,5745,36003,151.8,69,2526.85,0.027,203,37,164,0,3,10
2023-10-05,6164,35196,145.2,66,5003.84,0.013,96,40,70,0,4,10
2023-10-06,6330,34154,246.4,112,8713.8,0.013,224,40,319,0,5,10
2023-10-07,6058,24868,343.2,156,7223.05,0.022,93,47,350,0,6,10
2023-10-08,5820,37842,209,95,8271.17,0.011,99,47,139,0,7,10
2023-10-09,5688,36811,352,160,8036.6,0.02,158,32,229,0,1,10
2023-10-10,4990,34281,233.2,106,5527.61,0.019,101,46,200,0,2,10
2023-10-11,6734,31667,341,155,14571.55,0.011,186,44,446,0,3,10
2023-10-12,6187,34886,167.2,76,3326.89,0.023,102,35,161,0,4,10
2023-10-13,7672,34174,371.8,169,5740.15,0.029,117,42,438,0,5,10
2023-10-14,6229,34768,382.8,174,9522.94,0.018,198,48,220,0,6,10
2023-10-15,4597,26596,248.6,113,5959.75,0.019,92,40,126,0,7,10
2023-10-16,5861,38421,147.4,67,2443.9,0.027,157,38,201,0,1,10
2023-10-17,5516,37888,272.8,124,10925.88,0.011,68,31,210,0,2,10
2023-10-18,5744,36010,301.4,137,4996.28,0.027,60,35,343,0,3,10
2023-10-19,5907,41079,255.2,116,8753.97,0.013,125,48,265,0,4,10
2023-10-20,5974,40185,149.6,68,4840.73,0.014,152,33,199,0,5,10
2023-10-21,6606,32259,411.4,187,8548.84,0.022,199,42,380,0,6,10
2023-10-22,5972,39359,250.8,114,9373.07,0.012,86,36,311,0,7,10
2023-10-23,5793,30200,158.4,72,5164.68,0.014,69,48,148,0,1,10
2023-10-24,5441,22658,312.4,142,5015.65,0.028,71,45,351,0,2,10
2023-10-25,4433,30006,226.6,103,5766.2,0.018,197,43,306,0,3,10
2023-10-26,4906,24082,151.8,69,2438,0.028,143,43,171,0,4,10
2023-10-27,7310,47391,391.6,178,12935.16,0.014,153,50,354,0,5,10
2023-10-28,7166,46606,220,100,6834.48,0.015,176,32,167,0,6,10
2023-10-29,6048,29533,266.2,121,8722.3,0.014,155,43,132,0,7,10
2023-10-30,6341,25681,352,160,6871.02,0.023,136,35,292,0,1,10
2023-10-31,3539,20220,123.2,56,1980.27,0.028,134,34,58,0,2,10
2023-11-01,6890,27757,433.4,197,9390.67,0.021,79,38,393,0,3,11
2023-11-02,6662,45895,264,120,7334.67,0.016,181,41,308,0,4,11
2023-11-03,5753,23285,347.6,158,5919.32,0.027,194,43,343,0,5,11
2023-11-04,6142,33188,290.4,132,9198.62,0.014,141,48,157,0,6,11
2023-11-05,5938,35337,187,85,5609.39,0.015,121,50,228,0,7,11
2023-11-06,6220,34205,224.4,102,4421.02,0.023,235,42,241,0,1,11
2023-11-07,6322,37714,297,135,5494.51,0.025,214,45,379,0,2,11
2023-11-08,6850,46284,233.2,106,3597.94,0.029,96,31,124,0,3,11
2023-11-09,6094,40450,200.2,91,4127.83,0.022,167,45,222,0,4,11
2023-11-10,6001,27810,316.8,144,6984.59,0.021,115,43,409,0,5,11
2023-11-11,6534,34483,237.6,108,8282.39,0.013,188,44,162,0,6,11
2023-11-12,5987,36710,354.2,161,7115.94,0.023,239,39,354,0,7,11
2023-11-13,5138,29051,154,70,4074.2,0.017,126,31,171,0,1,11
2023-11-14,5591,33490,330,150,5222.3,0.029,213,31,226,0,2,11
2023-11-15,5961,30126,387.2,176,7716.19,0.023,73,40,250,0,3,11
2023-11-16,5440,27292,281.6,128,4965.74,0.026,99,32,245,0,4,11
2023-11-17,6295,28841,206.8,94,4003.7,0.023,97,33,272,0,5,11
2023-11-18,7204,34097,283.8,129,5011.96,0.026,115,32,160,0,6,11
2023-11-19,7201,30940,352,160,8805.71,0.018,236,39,259,0,7,11
2023-11-20,6065,32815,215.6,98,7230.05,0.014,224,50,214,0,1,11
2023-11-21,7795,50024,510.4,232,15140.79,0.015,212,47,319,0,2,11
2023-11-22,19897,127216,1159.4,527,19717.7,0.027,440,49,658,0,3,11
2023-11-23,22882,210546,3007.4,1367,63422.1,0.022,479,41,3967,1,4,11
2023-11-24,16345,118231,2002,910,48139.9,0.019,440,9,3180,1,5,11
2023-11-25,10131,92667,1192.4,542,32038.8,0.017,337,17,2435,1,6,11
2023-11-26,14270,127119,1742.4,792,61667.21,0.013,423,6,3860,1,7,11
2023-11-27,9558,85165,1298,590,33011.55,0.018,294,7,2774,1,1,11
2023-11-28,10085,93084,1436.6,653,53977.13,0.012,260,8,2443,1,2,11
2023-11-29,9966,85858,1111,505,49017.42,0.01,376,10,1826,1,3,11
2023-11-30,7075,51709,816.2,371,12943.8,0.029,442,15,1334,1,4,11
2023-12-01,,,266.2,,,,,,,0,5,12
2023-12-02,,,143,,,,,,,0,6,12
2023-12-03,,,283.8,,,,,,,0,7,12
2023-12-04,,,145.2,,,,,,,0,1,12
2023-12-05,,,244.2,,,,,,,0,2,12
2023-12-06,,,167.2,,,,,,,0,3,12
2023-12-07,,,202.4,,,,,,,0,4,12
2023-12-08,,,283.8,,,,,,,0,5,12
2023-12-09,,,299.2,,,,,,,0,6,12
2023-12-10,,,305.8,,,,,,,0,7,12
2023-12-11,,,244.2,,,,,,,0,1,12
2023-12-12,,,165,,,,,,,0,2,12
2023-12-13,,,145.2,,,,,,,0,3,12
2023-12-14,,,446.6,,,,,,,0,4,12
2023-12-15,,,242,,,,,,,0,5,12
2023-12-16,,,398.2,,,,,,,0,6,12
2023-12-17,,,127.6,,,,,,,0,7,12
2023-12-18,,,316.8,,,,,,,0,1,12
2023-12-19,,,308,,,,,,,0,2,12
2023-12-20,,,495,,,,,,,1,3,12
2023-12-21,,,759,,,,,,,1,4,12
2023-12-22,,,477.4,,,,,,,1,5,12
2023-12-23,,,682,,,,,,,1,6,12
2023-12-24,,,994.4,,,,,,,1,7,12
2023-12-25,,,807.4,,,,,,,1,1,12
2023-12-26,,,686.4,,,,,,,1,2,12
2023-12-27,,,462,,,,,,,1,3,12
2023-12-28,,,574.2,,,,,,,1,4,12
2023-12-29,,,171.6,,,,,,,0,5,12
2023-12-30,,,299.2,,,,,,,0,6,12
2023-12-31,,,360.8,,,,,,,0,7,12